{
  "POST /task" : {
    "transaction" : "POST /task",
    "sampleCount" : 23,
    "errorCount" : 0,
    "errorPct" : 0.0,
    "meanResTime" : 7988.086956521739,
    "medianResTime" : 6956.0,
    "minResTime" : 527.0,
    "maxResTime" : 22808.0,
    "pct1ResTime" : 13595.000000000004,
    "pct2ResTime" : 21115.799999999974,
    "pct3ResTime" : 22808.0,
    "throughput" : 0.807924687368273,
    "receivedKBytesPerSec" : 0.5751729463783898,
    "sentKBytesPerSec" : 0.48601719474497684
  },
  "Total" : {
    "transaction" : "Total",
    "sampleCount" : 237,
    "errorCount" : 0,
    "errorPct" : 0.0,
    "meanResTime" : 3816.569620253162,
    "medianResTime" : 1912.0,
    "minResTime" : 147.0,
    "maxResTime" : 27287.0,
    "pct1ResTime" : 10509.000000000002,
    "pct2ResTime" : 12787.29999999999,
    "pct3ResTime" : 25206.100000000002,
    "throughput" : 7.314589055893337,
    "receivedKBytesPerSec" : 6.854624230347828,
    "sentKBytesPerSec" : 2.838544479722848
  },
  "GET /tasks" : {
    "transaction" : "GET /tasks",
    "sampleCount" : 102,
    "errorCount" : 0,
    "errorPct" : 0.0,
    "meanResTime" : 2133.0490196078435,
    "medianResTime" : 1678.5,
    "minResTime" : 259.0,
    "maxResTime" : 6330.0,
    "pct1ResTime" : 4612.000000000005,
    "pct2ResTime" : 5629.149999999997,
    "pct3ResTime" : 6314.94,
    "throughput" : 4.969549330085262,
    "receivedKBytesPerSec" : 7.01545371498173,
    "sentKBytesPerSec" : 1.6791641291108406
  },
  "PUT /task/id" : {
    "transaction" : "PUT /task/id",
    "sampleCount" : 20,
    "errorCount" : 0,
    "errorPct" : 0.0,
    "meanResTime" : 16232.800000000001,
    "medianResTime" : 12497.0,
    "minResTime" : 1509.0,
    "maxResTime" : 27287.0,
    "pct1ResTime" : 25319.5,
    "pct2ResTime" : 27190.649999999998,
    "pct3ResTime" : 27287.0,
    "throughput" : 0.6432936635574139,
    "receivedKBytesPerSec" : 0.22552971212608555,
    "sentKBytesPerSec" : 0.40205853972338373
  },
  "POST /authenticate" : {
    "transaction" : "POST /authenticate",
    "sampleCount" : 1,
    "errorCount" : 0,
    "errorPct" : 0.0,
    "meanResTime" : 147.0,
    "medianResTime" : 147.0,
    "minResTime" : 147.0,
    "maxResTime" : 147.0,
    "pct1ResTime" : 147.0,
    "pct2ResTime" : 147.0,
    "pct3ResTime" : 147.0,
    "throughput" : 6.802721088435374,
    "receivedKBytesPerSec" : 4.07233205782313,
    "sentKBytesPerSec" : 1.6674638605442178
  },
  "GET /tasks/id" : {
    "transaction" : "GET /tasks/id",
    "sampleCount" : 91,
    "errorCount" : 0,
    "errorPct" : 0.0,
    "meanResTime" : 1960.736263736264,
    "medianResTime" : 1506.0,
    "minResTime" : 401.0,
    "maxResTime" : 6110.0,
    "pct1ResTime" : 5096.0,
    "pct2ResTime" : 5709.2,
    "pct3ResTime" : 6110.0,
    "throughput" : 4.816343812850641,
    "receivedKBytesPerSec" : 2.864407599634805,
    "sentKBytesPerSec" : 1.63680434264846
  }
}